,age,length_of_service,job_title,store_name,STATUS_YEAR,hire_age,hire_quarter,hire_year,hire_month,is_terminated
count,49653.0,49653.0,49653.0,49653.0,49653.0,49653.0,49653.0,49653.0,49653.0,49653.0
mean,42.077034620264634,10.434596096912573,23.021932209534167,27.297605381346546,2010.6126115239763,31.633113809840292,2.545989164803738,2000.1661128229916,6.648359615733188,0.029907558455682437
std,12.42725739927219,6.325285869918797,14.128040520823268,13.51413420071868,2.8455770809065157,7.154847581825523,1.122844469001079,6.294655825761588,3.460292415108368,0.17033402693460656
min,19.0,0.0,0.0,1.0,2006.0,19.0,1.0,1989.0,1.0,0.0
25%,31.0,5.0,9.0,16.0,2008.0,26.0,2.0,1995.0,4.0,0.0
50%,42.0,10.0,34.0,28.0,2011.0,31.0,3.0,2000.0,7.0,0.0
75%,53.0,15.0,37.0,42.0,2013.0,36.0,4.0,2005.0,10.0,0.0
max,65.0,26.0,46.0,46.0,2015.0,52.0,4.0,2013.0,12.0,1.0
