variable,coef,p_value
const,-7.521767872840956,0.0
age,0.13667177462640767,0.0
length_of_service,-0.20264914885331475,1.4438624364420505e-203
