t_statistic,p_value
-20.789669285763356,1.3735991913092468e-95
