Variable,VIF
age,841754.8086208818
length_of_service,14748.63383228331
hire_age,460713.6180455096
STATUS_YEAR,1613317655.1189313
hire_year,1596610102.2823544
